{
	"social_account": {
		"x": 1205.6666666666667,
		"y": 48.333333333333336
	},
	"user_role": {
		"x": 740,
		"y": 515
	},
	"user_permission": {
		"x": 713.3333333333334,
		"y": 33
	},
	"user": {
		"x": 939,
		"y": 50.33333333333333
	},
	"mailjet_user": {
		"x": 228.33333333333334,
		"y": 6.666666666666667
	},
	"mailjet_template": {
		"x": 246,
		"y": 648
	},
	"mailjet_statistic": {
		"x": 15,
		"y": 716.6666666666667
	},
	"mailjet_message": {
		"x": 420,
		"y": 6.666666666666667
	},
	"mailjet_contact": {
		"x": 451.6666666666667,
		"y": 756.6666666666667
	},
	"mailjet_campaign": {
		"x": 0,
		"y": 13.333333333333334
	}
}