{
	"social_account": {
		"x": 1205.6666666666667,
		"y": 48.333333333333336
	},
	"user_role": {
		"x": 623.3333333333334,
		"y": 425
	},
	"user_permission": {
		"x": 713.3333333333334,
		"y": 33
	},
	"user": {
		"x": 939,
		"y": 50
	},
	"mailjet_user": {
		"x": 203,
		"y": 0
	},
	"mailjet_template": {
		"x": 209.33333333333331,
		"y": 628
	},
	"mailjet_statistic": {
		"x": 0,
		"y": 596
	},
	"mailjet_message": {
		"x": 395,
		"y": 2.6666666666666665
	},
	"mailjet_contact": {
		"x": 451.6666666666667,
		"y": 756.6666666666667
	},
	"mailjet_campaign": {
		"x": 0,
		"y": 0
	}
}